text,label,notes,source,review_status
"How can VAR correct a corner kick, but can’t do the reverse and correct and goal kick that should have been a corner?",hot_take,Opinionated claim without much explicit support.,r/soccer - Colombia vs Congo DR match thread,AI-suggested; student should review
I don't think it's understimation. It's just a lack of passion and energy. Asian & concacaf teams have pride and passion and want to show the world they are good too. Uefa & conmebol don't have to prove anything anymore and think they will make the difference based on talent but it doesn't work like that.,analysis,Structured explanation with reasoning/connectors.,r/worldcup - Europe/South America struggling discussion,AI-suggested; student should review
World Cup My family suffered a tragedy as my youngest brother suffered a T8 spinal cord injury on 6/11. The World Cup has been a good distraction on some of the heavier days. I used to play soccer in college but burned out and stopped engaging with it at all. It’s nice for soccer to be something that lifts me out of the worried thoughts.,analysis,"Uses specific football reasoning, evidence, stats, or match context.",r/worldcup - daily discussion megathread,AI-suggested; student should review
"I've never thought about having a special plinth for my footballs, much to the chagrin of my wife I just keep them on the shoe rack with my dirty boots.",hot_take,Opinionated claim without much explicit support.,r/soccer - Colombia vs Congo DR match thread,AI-suggested; student should review
"Radar looks like there will be a lot of rain between the start of the match and the evening. Looks maybe like it will break up to only a smaller cell around Boston and the more severe stuff will miss. Right now, it doesn't really look like thunderstorms will hit until late in the evening.",hot_take,Opinionated claim without much explicit support.,r/worldcup - daily discussion megathread,AI-suggested; student should review
"Yeah, but our game against Croatia was a cracker. It happens. They won't all be amazing.",hot_take,Opinionated claim without much explicit support.,r/soccer - Panama vs Croatia post-match thread,AI-suggested; student should review
I think Colombia has had pretty good attempts outside of the box trying to avoid going against those 5 defenders. But Mpassi has been pretty good at saving.,analysis,"Uses specific football reasoning, evidence, stats, or match context.",r/soccer - Colombia vs Congo DR match thread,AI-suggested; student should review
Nunca entenderé la obsesión de Cristiansen con Fajardo. García Márquez se basó en cristiansen y fajardo cuando escribio el amor en los tiempos del colera,hot_take,Opinionated claim without much explicit support.,r/soccer - Panama vs Croatia post-match thread,AI-suggested; student should review
"Sure but Idk why people are ignoring glaring issues. They have great fullbacks and great midfield. Everything else is kinda mediocre. Dias is hasn't been that good and the other center back is inexperienced. Attack is not up to par. Ronaldo is old and requires other players to put in effort more. Wingers are mediocre compared to other favorites. Leao was awful this season, others are either in bad form or not good enough. Bernardo is good but he's slow for a winger.",analysis,"Uses specific football reasoning, evidence, stats, or match context.",r/worldcup - Portugal hype discussion,AI-suggested; student should review
Need Colombia to lock in,reaction,Short emotional or immediate match-thread response.,r/soccer - Colombia vs Congo DR match thread,AI-suggested; student should review
I was SO thrilled just now to see that Zlatan (and co) are still on the broadcast and they didn’t switch over to the later team yet!,hot_take,Opinionated claim without much explicit support.,r/worldcup - daily discussion megathread,AI-suggested; student should review
"The ones in Toronto are I am not….they are lucky to have escaped Also fun fact, Croatia have never lost a 2nd match in a group stage 1996 Euro - Turkey 1998 World - Japan 2002 World - Italy 2004 Euro - France (draw) 2006 World - Japan (draw) 2008 Euro - Germany 2012 Euro - Italy (draw) 2014 World - Cameroon 2016 Czech - (draw) 2018 World - Argentina 2020 Euro - Czech (draw) 2022 World - Canada 2024 Euro - Albania (draw) 3rd matches i believe are a losing record",analysis,"Uses specific football reasoning, evidence, stats, or match context.",r/soccer - Panama vs Croatia post-match thread,AI-suggested; student should review
Is it just me but Team England is not getting much mention or love across social compared to other teams? Im in USA.,hot_take,Opinionated claim without much explicit support.,r/worldcup - daily discussion megathread,AI-suggested; student should review
It's still a trophy regardless.,reaction,Short emotional or immediate match-thread response.,r/worldcup - Portugal hype discussion,AI-suggested; student should review
Colombia had them on the ropes in the first quarter but Congo got their act together after the water break. They looked way more organized and effective,hot_take,Opinionated claim without much explicit support.,r/soccer - Colombia vs Congo DR match thread,AI-suggested; student should review
"I would do it asap and switch. The fox one experience has been SO much better. YouTube only had a few replays and no recent ones when we switched, but it turns out the overall experience is better not just the immediate replays of everything.",analysis,Structured explanation with reasoning/connectors.,r/worldcup - daily discussion megathread,AI-suggested; student should review
Profile Badge for the Achievement Top 1% Commenter Top 1% Commenter Teams play down to their opponent. You see it in the FA Cup every year. Some League 2 club faces off against a Premier League club and walks out with a victory. Spain played down to Cabo Verde and got burnt. Spain was defeated by their own hubris.,analysis,"Uses specific football reasoning, evidence, stats, or match context.",r/worldcup - Europe/South America struggling discussion,AI-suggested; student should review
How did this workout for you guys?,reaction,Short emotional or immediate match-thread response.,r/worldcup - daily discussion megathread,AI-suggested; student should review
> beat Spain and Germany in the NL last year,reaction,Short immediate response without detailed reasoning.,r/worldcup - Portugal hype discussion,AI-suggested; student should review
"Tbf Spain didn't park the bus, they were just a bit terrible",hot_take,Strong judgment or prediction with limited support.,r/worldcup - Europe/South America struggling discussion,AI-suggested; student should review
"They were ready to do just that last year, he was gone if they didn’t win Nations League. They had that comeback vs Denmark and the rest is history. Martinez has a horseshoe up his culo. As for the team, if everyone if fit: Great defense individually, amazing midfield, overrated attack ( Leao and Neto with poor seasons, Conceicao better as a spark plug off the bench, Trincao silky but slow, no world class striker). Maybe a wildcard like Quenda or Afonso Moreira will be called …great pace/skill for both",analysis,"Uses specific football reasoning, evidence, stats, or match context.",r/worldcup - Portugal hype discussion,AI-suggested; student should review
Who plays center back with Dias? It has to be Renato Veiga right?,hot_take,Assertive recommendation without much support.,r/worldcup - Portugal hype discussion,AI-suggested; student should review
"They didn't play as defensive midfielders this match. Just take a look at their heatmaps, they played both as central midfielders, because Dalic assumed that Panama would sit back and watch the whole match, so the ball would mostly be at the feet of Modric and Kovacic. It's seriously remarkable how abysmal Dalic is at match building and strategy",analysis,"Uses specific football reasoning, evidence, stats, or match context.",r/soccer - Panama vs Croatia post-match thread,AI-suggested; student should review
What fo you mean? They are in the top 5 of favorites.,reaction,Short immediate response without detailed reasoning.,r/worldcup - Argentina discussion,AI-suggested; student should review
"They're walking and moving the ball too slow here at the end, and nobody seems to be on the same wavelength on the final ball.",hot_take,Opinionated claim without much explicit support.,r/soccer - Colombia vs Congo DR match thread,AI-suggested; student should review
No I was responding to someone else,reaction,Short emotional or immediate match-thread response.,r/worldcup - Europe/South America struggling discussion,AI-suggested; student should review
"Night and day difference between 2018 and now, but I would do unspeakable things for an attacker that plays with something resembling conviction, or at least someone who’s a threat for a header. Have a bit of a phenom striker playing in Brazil’s top flight, would have liked to see him get some run.",analysis,"Uses specific football reasoning, evidence, stats, or match context.",r/soccer - Panama vs Croatia post-match thread,AI-suggested; student should review
"Good shout, a Queiroz side sitting deep is the base case, his Iran held Argentina to a single stoppage-time Messi goal in 2014. That's exactly the scenario where Ghana's avoid-defeat chance is more live than the gap suggests. My model runs on pre-tournament data so it won't have adjusted for the Panama game, what did you make of how they set up there?",analysis,"Uses specific football reasoning, evidence, stats, or match context.",r/worldcup - daily discussion megathread,AI-suggested; student should review
"No disrespect to Cape Verde, I'm a firm believer that drawing Spain is a huge fluke and robs Spain of truly accomplishing what their capable of. I've spent the last few days in pure disbelief and it just doesn't make sense to me. I've spent the entire qualifying cycle watching Spain play great football it's just not fair. If Spain draws them again I will face that Cape Verde deserved the draw, but I am just 100% sure it was a fluke and does a big disservice to Spain and the world cup.",analysis,"Uses specific football reasoning, evidence, stats, or match context.",r/worldcup - Europe/South America struggling discussion,AI-suggested; student should review
I actually enjoyed the second half of the England Ghana game. Not much goalmouth action for sure but it was a really hard fought battle.,hot_take,Opinionated claim without much explicit support.,r/soccer - Panama vs Croatia post-match thread,AI-suggested; student should review
"You have to look at the context though. Euro 2016 Portugal didn't even play that well, easy draw, barely won the matches, beat France with a hail mary shot after the best player got injured Nations League is a glorified friendly tournament and other countries just don't take it seriously that much. I don't remember what other international trophy there is but surely its nothing that big. Portugal can win the tournament, I'd say they are top 3 favorites, but there are some obvious issues in the middle of the defense and in the whole od attack",analysis,"Uses specific football reasoning, evidence, stats, or match context.",r/worldcup - Portugal hype discussion,AI-suggested; student should review
They're gong to pause so the players can stand in the middle of the pitch with their heads tilted up to the heavens,hot_take,Opinionated claim without much explicit support.,r/soccer - Colombia vs Congo DR match thread,AI-suggested; student should review
"Seeing my country's reporters be like ""le jugamos de tu a tu a croacia"" Man shut the fuck up. Eric davis came on in the 92nd minute and was gassed...There was no one to sub in because their legs are done. How do you not call up someone reliable???? That's the state we are in. Horrendous decisions everywhere from to bottom. It was a failure.",analysis,"Uses specific football reasoning, evidence, stats, or match context.",r/soccer - Panama vs Croatia post-match thread,AI-suggested; student should review
"Aside from Portugal v Uzbekistan, today's games have been a bit shite. First 25 minutes of this game was really entertaining but it's just fell off since the hydration break",analysis,"Uses specific football reasoning, evidence, stats, or match context.",r/soccer - Colombia vs Congo DR match thread,AI-suggested; student should review
Colombia have to score man,reaction,Short emotional or immediate match-thread response.,r/soccer - Colombia vs Congo DR match thread,AI-suggested; student should review
At least in Finland Argentina is spoken in same league with Spain and England to win WC.,hot_take,Opinionated claim without much explicit support.,r/worldcup - Argentina discussion,AI-suggested; student should review
"Football already has over a billion fans. The sport ain't begging for non-fans to convert. Sometimes, there are a lot of goals, sometimes games are cagey and there are no goals. It's all part of the sport.",hot_take,Opinionated claim without much explicit support.,r/soccer - Panama vs Croatia post-match thread,AI-suggested; student should review
"With how the groups have shaped up, I think a draw against Ghana will be enough for Croatia to qualify as a third placed team. Croatia don't look great but tbf they didn't look great either in 2022 and they still gritted it out in a couple of tough knockout stage games.",analysis,"Uses specific football reasoning, evidence, stats, or match context.",r/soccer - Panama vs Croatia post-match thread,AI-suggested; student should review
"Everyone seems to know the score, they’ve seen it all before They just know, they’re so sure That England’s gonna throw it away, gonna blow it away",hot_take,Opinionated claim without much explicit support.,r/worldcup - daily discussion megathread,AI-suggested; student should review
"I seriously think they’ll win it, temperature will be in their favour and their players are thriving currently.",hot_take,Opinionated claim without much explicit support.,r/worldcup - Portugal hype discussion,AI-suggested; student should review
It's nice to see the refs refusing to call the soft fouls that we see all the time in club football. Games flow so much better now.,hot_take,Opinionated claim without much explicit support.,r/soccer - Colombia vs Congo DR match thread,AI-suggested; student should review
"Fruk, Frigan, and Ivanović (in my dreams), and whatever kids are coming theough the pipeline.",hot_take,Opinionated claim without much explicit support.,r/soccer - Panama vs Croatia post-match thread,AI-suggested; student should review
"Lmfao Alexi Lalas/Thierry Henry on the postgame discussing Pasalic’s botched run: Titi: “You have to pass there! The team needs to score, not you” Lalas: “Still it’s good goalkeeping, a good save-” Titi: Irritated “-no good save if you pass it” He is so done with Lalas it kills me 😂",analysis,Structured explanation with reasoning/connectors.,r/soccer - Panama vs Croatia post-match thread,AI-suggested; student should review
Why are you putting France in the same bucket though,reaction,Short immediate response without detailed reasoning.,r/worldcup - Europe/South America struggling discussion,AI-suggested; student should review
DR Congo have been gifted possession numerous times but they insist on either dribbling straight into a Colombian player or waiting until a Colombian player is on top of them to try and pass the ball. Makes absolutely no sense.,analysis,"Uses specific football reasoning, evidence, stats, or match context.",r/soccer - Colombia vs Congo DR match thread,AI-suggested; student should review
"It’s a free hit, IMO. No expectations, just let Luka and Ivan enjoy the twilights of their careers",hot_take,Opinionated claim without much explicit support.,r/soccer - Panama vs Croatia post-match thread,AI-suggested; student should review
i like their chances honestly,reaction,Short emotional or immediate match-thread response.,r/worldcup - Portugal hype discussion,AI-suggested; student should review
You don't know footy mate lol the team looked solid,reaction,"Mainly humor, emotion, or immediate response.",r/worldcup - Argentina discussion,AI-suggested; student should review
No they have a handicap up front that has to play,hot_take,Assertive recommendation without much support.,r/worldcup - Portugal hype discussion,AI-suggested; student should review
We will reach semifinal on penalties again.,reaction,Short emotional or immediate match-thread response.,r/soccer - Panama vs Croatia post-match thread,AI-suggested; student should review
Is it ? Not really i think offensively they are quite mediocre,hot_take,Strong judgment or prediction with limited support.,r/worldcup - Portugal hype discussion,AI-suggested; student should review
4 years is a long time in football my g,reaction,Short immediate response without detailed reasoning.,r/worldcup - Argentina discussion,AI-suggested; student should review
"Yesterday, after the Argentina vs Austria game, the BBC showed a diagram of the pitch with blue dots representing Messi's touches of the ball. They were all over the pitch, even one in his own box. If you did the same with Ronaldo the dots would all be on the edge of the other teams box or in the box. That's the difference, not just scoring goals, but working his butt off for the team!!",analysis,Structured explanation with reasoning/connectors.,r/worldcup - daily discussion megathread,AI-suggested; student should review
Hope whichever twat decided it was a good idea to overturn incorrect corners but not incorrect goal kicks has a piece of Lego permanently stuck to the bottom of each foot,hot_take,Opinionated claim without much explicit support.,r/soccer - Colombia vs Congo DR match thread,AI-suggested; student should review
They have a song!! They'll win.,reaction,Short emotional or immediate match-thread response.,r/worldcup - Portugal hype discussion,AI-suggested; student should review
I hate to say it but you are right. I was hoping he would score to get some confidence but he has done nothing,hot_take,Opinionated claim without much explicit support.,r/soccer - Colombia vs Congo DR match thread,AI-suggested; student should review
Messi hatrick any updates on this comment? I don’t think age impacts his ability to perform one bit. This guy can change the outcome of a game in 30s.,hot_take,Opinionated claim without much explicit support.,r/worldcup - Argentina discussion,AI-suggested; student should review
No offense to those teams,reaction,Short emotional or immediate match-thread response.,r/worldcup - Europe/South America struggling discussion,AI-suggested; student should review
it is almost impossible for teams to repeat at the world Cup. in order to win all of your players must be hitting a peak and performing perfectly that's hard to repeat 4 years later when other teams are going through the cycle and getting their peak,analysis,"Uses specific football reasoning, evidence, stats, or match context.",r/worldcup - Argentina discussion,AI-suggested; student should review
"Nah Colombia should get a goal or 2 in the 2nd half, but the dr Congo keeper has been MOTM so far… 3-4 good saves that could’ve been goals",analysis,"Uses specific football reasoning, evidence, stats, or match context.",r/soccer - Colombia vs Congo DR match thread,AI-suggested; student should review
I only dipped in and out of the match but I thought Ghana would be more aggressive and take the game to Panama more given some of the offensive players they have (Semenyo particularly). But Panama actually had a lot of the attacking momentum. My assumptions were probably based on a faulty understanding of Ghana (who I probably overrate for historic reasons) and underestimating Queiroz’ influence. Queiroz is a is a veteran international manager and noted for playing very stolid defensive performances If your model is pre tournament I’m unsure how useful it may be as Queiroz has only become manager in the last few months.,analysis,"Uses specific football reasoning, evidence, stats, or match context.",r/worldcup - daily discussion megathread,AI-suggested; student should review
"they've talked about Kane I the same breath as Mbappé, Haaland, Messi, so I don't think they're totally ignoring England...",hot_take,Opinionated claim without much explicit support.,r/worldcup - daily discussion megathread,AI-suggested; student should review
If England draw their last game then either Ghana or Croatia winning the other game pushes England into 2nd.,hot_take,Opinionated claim without much explicit support.,r/soccer - Panama vs Croatia post-match thread,AI-suggested; student should review
"because corner kicks take a while to set up, so the VAR has time to check without interfering with the flow of the game (it's stopped anyway). Goal kicks can be taken quickly, so in that case VAR could interfere with the flow",analysis,"Uses specific football reasoning, evidence, stats, or match context.",r/soccer - Colombia vs Congo DR match thread,AI-suggested; student should review
"No other ""contender"" is trotting out a past their prime star to sell kits. Portugal is better with him coming off the bench but they'll refuse to accept that.",hot_take,Opinionated claim without much explicit support.,r/worldcup - Portugal hype discussion,AI-suggested; student should review
I still can't get over how James can just be without team by his choice and still get selected for this team.,hot_take,Opinionated claim without much explicit support.,r/soccer - Colombia vs Congo DR match thread,AI-suggested; student should review
One of football's great mysteries,reaction,Short emotional or immediate match-thread response.,r/soccer - Colombia vs Congo DR match thread,AI-suggested; student should review
Apparently our game could have thunderstorms.,reaction,Short emotional or immediate match-thread response.,r/worldcup - daily discussion megathread,AI-suggested; student should review
Croatia sucked ass... sad for Panama.,reaction,Short emotional or immediate match-thread response.,r/soccer - Panama vs Croatia post-match thread,AI-suggested; student should review
If they play goncalo they have a great chance,reaction,Short immediate response without detailed reasoning.,r/worldcup - Portugal hype discussion,AI-suggested; student should review
"Exactly. Also...what a team did 4 years ago means nothing. 1-2 years ago...sure. Should be a similar team. 4 years ago? A team is either going to be at least 1/3 different, or simply older and not at their peak anymore.",analysis,"Uses specific football reasoning, evidence, stats, or match context.",r/worldcup - Argentina discussion,AI-suggested; student should review
"If Croatia beat Ghana and Panama beat England, then it would be: Croatia - 6 Ghana - 4 England - 4 Panama - 3 Ghana and England drew in their game, so h2h wouldn't separate them. But if England lose by enough goals to Panama then they could come third on goal difference to Ghana. That's unlikely, but technically possible.",analysis,"Uses specific football reasoning, evidence, stats, or match context.",r/soccer - Panama vs Croatia post-match thread,AI-suggested; student should review
croatian xg was 1.66 vs panama's 0.66,reaction,Short immediate response without detailed reasoning.,r/soccer - Panama vs Croatia post-match thread,AI-suggested; student should review
"is it over, I fell asleep",reaction,Short emotional or immediate match-thread response.,r/soccer - Panama vs Croatia post-match thread,AI-suggested; student should review
"Belgium were playing Egypt and drew, Spain were playing Cape Verde and drew, Uruguay just drew with Saudi Arabia, Switzerland drew with freaking Qatar, I would agree with your sentiment that European teams are saving the wins for the weaker sides. But all of these teams that I named were playing these weaker sides and looked crap.",analysis,"Uses specific football reasoning, evidence, stats, or match context.",r/worldcup - Europe/South America struggling discussion,AI-suggested; student should review
"Ronaldo should start without a doubt. There's no better options available at the striking position. If you've watched some recent Al nassr games, he's not pressing or running and it's probably because he wants to keep himself injury free for world cup. Despite the minimal effort, he has scored more goals than Ramos and Leao combined 😭 people don't watch the league and just conclude that ronaldo is washed is absolutely diabolical. He's in great form and his positioning has been unbelievable. I can see portugal in quarter finals already. Beyond that they need more luck to advance and maybe win the final. Let's hope for the best 🇵🇹",analysis,"Uses specific football reasoning, evidence, stats, or match context.",r/worldcup - Portugal hype discussion,AI-suggested; student should review
Yeah it’s like the mods have given up lol Last nights Algeria Jordan game wasn’t pinned at all lol,hot_take,Opinionated claim without much explicit support.,r/soccer - Colombia vs Congo DR match thread,AI-suggested; student should review
That James touch was cold,reaction,Short emotional or immediate match-thread response.,r/soccer - Colombia vs Congo DR match thread,AI-suggested; student should review
That rain looks fuckin beautiful,reaction,Short emotional or immediate match-thread response.,r/soccer - Colombia vs Congo DR match thread,AI-suggested; student should review
Their squad is not full of world class stars. They were great because of their chemistry but if it wasnt for the fact that they won the previous one they would not even be on the top 5 favs on paper,analysis,"Uses specific football reasoning, evidence, stats, or match context.",r/worldcup - Argentina discussion,AI-suggested; student should review
"True, but I always think when the World Cup is finally here then that’s the moment for these teams to turn up. Not turning up in friendlies.",hot_take,Opinionated claim without much explicit support.,r/worldcup - Europe/South America struggling discussion,AI-suggested; student should review
"Thank you, appreciate it. I assumed they’d have it together for FIFA, but you know what they say about assumptions…",hot_take,Opinionated claim without much explicit support.,r/worldcup - daily discussion megathread,AI-suggested; student should review
"I wanna see a team pull out one White Monster Energy per player during a hydration break, for science",hot_take,Opinionated claim without much explicit support.,r/soccer - Colombia vs Congo DR match thread,AI-suggested; student should review
"My brother, he's playing in the best team in Al Nassrm they were champions the season before they signed him. Ramos and Leao play in real leagues and Ramos is a sub in PSG some of the best players in the worlds. Leao has been horrible and also he's a different position from cr7. Ronaldo isn't washed per say, he could still do well, but he just isn't that good anymore.",analysis,"Uses specific football reasoning, evidence, stats, or match context.",r/worldcup - Portugal hype discussion,AI-suggested; student should review
"Did you reply to the wrong comment? I wasn't the one stating that, I just said that Spain didn't park the bus and that they WERE trying to win, they just played poorly. However, Egypt Belgium I wouldn't really say Belgium is a considerably stronger side they are more on par if anything. Also Uruguay and Saudi Arabia? Neither of those are European But yeah, I didn't say European sides are trying less against weaker sides or saving wins for weaker opponents, that was someone else",analysis,"Uses specific football reasoning, evidence, stats, or match context.",r/worldcup - Europe/South America struggling discussion,AI-suggested; student should review
Funny you same ppl were saying if lamine won the nations league he’d win the ballon d’or. You guys are genuinely shameless. I take it lamine is the best player in the world as well?,hot_take,Opinionated claim without much explicit support.,r/worldcup - Portugal hype discussion,AI-suggested; student should review
The rest of the world is getting better at football.,reaction,Short immediate response without detailed reasoning.,r/worldcup - Europe/South America struggling discussion,AI-suggested; student should review
Every Panama flair I’ve seen fucking hates that guy so I just assumed he was bad.,hot_take,Strong judgment or prediction with limited support.,r/soccer - Panama vs Croatia post-match thread,AI-suggested; student should review
"Just because a team is from those two confederations doesn't guarantee them success, indeed some of these teams were already performing badly in the pre tournament friendlies. Some of them were underperforming ever since the qualifiers. Also, a lack of urgency. Spain today waited until the last minutes to substitute in Yamal and Williams, and before that were content with just passing the ball around.",analysis,"Uses specific football reasoning, evidence, stats, or match context.",r/worldcup - Europe/South America struggling discussion,AI-suggested; student should review
"I think we missed out on something that could've been amazing. If Chicago was one of the host cities and Scotland played there, we could've had the Scots heading north into Milwaukee for Summerfest. That could've been one of the most incredible experiences witnessed in my lifetime.",analysis,"Uses specific football reasoning, evidence, stats, or match context.",r/worldcup - daily discussion megathread,AI-suggested; student should review
"Oh it was just my bad. I was ment to write it there. France, England, Spain and Argentina was named most likely to win this WC in most medias.",hot_take,Strong judgment or prediction with limited support.,r/worldcup - Argentina discussion,AI-suggested; student should review
They are switching right now,reaction,Short emotional or immediate match-thread response.,r/worldcup - daily discussion megathread,AI-suggested; student should review
What an inspiring first half by DR Congo. Just makes a supergiant like England’s performance today look even more pathetic given their talent and resources.,analysis,"Uses specific football reasoning, evidence, stats, or match context.",r/soccer - Colombia vs Congo DR match thread,AI-suggested; student should review
Their counters against England were almost deadly... Against Croatia it will be way more effective,hot_take,Strong judgment or prediction with limited support.,r/soccer - Panama vs Croatia post-match thread,AI-suggested; student should review
Nations league doing a lot of heavy lifting here,reaction,Short immediate response without detailed reasoning.,r/worldcup - Portugal hype discussion,AI-suggested; student should review
"I would say that only judging by the first game is not a good idea, it is too early to tell. Also, expanded qualification possibilities makes me think a lot of teams think they'll qualify either way so they are not taking things too seriously yet. Let's see what happens when everyone finishes their first games. They'll start doing their math and probably try harder in their second and third games because after eveyone plays their first game each team will see how likely at risk they are of getting eliminated if they don't give it their 100%.",analysis,"Uses specific football reasoning, evidence, stats, or match context.",r/worldcup - Europe/South America struggling discussion,AI-suggested; student should review
And the dutch lost to them just 2 weeks ago,reaction,Short immediate response without detailed reasoning.,r/worldcup - Argentina discussion,AI-suggested; student should review
Yeah there’s a big difference between a champions league winner and a champions league finalist which that’s what Luis Diaz is but that’s just typical Fox… ESPN and NBC are a disgrace for still letting them have the World Cup broadcasting rigths 1 more reply,analysis,"Uses specific football reasoning, evidence, stats, or match context.",r/soccer - Colombia vs Congo DR match thread,AI-suggested; student should review
"How many delusional people who know nothing about football are typing nonsense with zero backing. All these takes that Ronaldo is a bad option and that someone else, like Ramos for example, would be a better choice have nothing to do with football. Maybe Ronaldo is 41, but he’s still more dangerous in front of goal than all the other options. Next time you mention Ronaldo, stand up first. Ignorant Redditors.",analysis,"Uses specific football reasoning, evidence, stats, or match context.",r/worldcup - Portugal hype discussion,AI-suggested; student should review
probably that most honest 100% take,reaction,Short emotional or immediate match-thread response.,r/worldcup - Portugal hype discussion,AI-suggested; student should review
Could’ve said the same thing 4 years ago,reaction,Short immediate response without detailed reasoning.,r/worldcup - Argentina discussion,AI-suggested; student should review
"Because I can see that Baturina and Sučić cousins are class players. Of course, they will never be as good as Modrić but at least with Gvardiol and Vušković we will have more solid defense than ever in Modrić era (if we could find a LB (or RB since Stanišić can play LB too)). But there's nothing in attack. When Perišić and Kramarić retire, I don't know who will score goals.",analysis,"Uses specific football reasoning, evidence, stats, or match context.",r/soccer - Panama vs Croatia post-match thread,AI-suggested; student should review
"Dude these teams are gassed lol Congo suck if they are given the ball and they are not parking the bus, they look like Bambi when the have the ball wtf",analysis,Structured explanation with reasoning/connectors.,r/soccer - Colombia vs Congo DR match thread,AI-suggested; student should review
"also from the games I saw England, France, Germany, Sweden were very convincing. Netherlands also good",hot_take,Strong evaluative claim with little evidence.,r/worldcup - Europe/South America struggling discussion,AI-suggested; student should review
Strong coming out of hydration break. Only to start fumbling after the 35th all the way until the 45th.,hot_take,Opinionated claim without much explicit support.,r/soccer - Colombia vs Congo DR match thread,AI-suggested; student should review
Who else would they play? The GOAT Joao Felix?,reaction,Short immediate response without detailed reasoning.,r/worldcup - Portugal hype discussion,AI-suggested; student should review
"diaz really needs to lock in for the second half, couple good runs but wasteful in front of goal. good game from james so far, its also nice to see congo actually try to score",analysis,Structured explanation with reasoning/connectors.,r/soccer - Colombia vs Congo DR match thread,AI-suggested; student should review
"Have we had an upset win yet? We did have upset draws (Cape Verde, Curacao, etc) but an outright win?",hot_take,Opinionated claim without much explicit support.,r/worldcup - daily discussion megathread,AI-suggested; student should review
"England v Ghana is a tricky one to read. I've been building a World Cup prediction model and it has England at 82.6% with an xG edge of 2.58 vs 0.46. What stands out is Ghana still have around a 17% shout to avoid defeat if they sit deep, so not quite the formality the gap implies. Feels about right given how compact Ghana can be. Anyone think they frustrate England, or does the quality tell eventually?",analysis,"Uses specific football reasoning, evidence, stats, or match context.",r/worldcup - daily discussion megathread,AI-suggested; student should review
"The portuguese federation is corrupt. If he wants to play 90 he will play 90. Thats what Martinez is hired for. A shield basically. Look at what happened to Fernando Santos when he benched Cristiano in WC22. With that being said he can still have an impact. But overall the team is suffering, the young players Always look nervous around him and its not as fluid as they can be. But tbh, Gonçalo Ramos hasnt evolved into what we thought he would become. So who else up there? Maybe a false 9 but that wont work either against the best 1.90m tall center backs.",analysis,"Uses specific football reasoning, evidence, stats, or match context.",r/worldcup - Portugal hype discussion,AI-suggested; student should review
You know what he meant. Making the finals is essentially the same.,reaction,Short immediate response without detailed reasoning.,r/worldcup - Argentina discussion,AI-suggested; student should review
"People like you are the fake ""experts"" who think they're smarter than they really are. Obviously he won't play full 90 but he will play when he can be effective. His importance is invaluable, even if he plays 30-60 min per game as he has been doing lately and still averaging 1 per game. But I guess you haven't been following Portugal lately. Also, they gave up a 2 goal lead against Hungary AFTER he was subbed off. Things like that happened at Al nassr too this past season. Too bad Portugal don't have any forwards who can do what he does better or even as well.",analysis,"Uses specific football reasoning, evidence, stats, or match context.",r/worldcup - Portugal hype discussion,AI-suggested; student should review
"Star player scored at hatrick, he ages like fine wine.",reaction,Short immediate response without detailed reasoning.,r/worldcup - Argentina discussion,AI-suggested; student should review
We deserved this we deserved that. We deserved nothing for leaving Fajardo on for that long.,hot_take,Opinionated claim without much explicit support.,r/soccer - Panama vs Croatia post-match thread,AI-suggested; student should review
God please let Argentina win the 2026 FIFA world cup.,reaction,Short immediate response without detailed reasoning.,r/worldcup - Europe/South America struggling discussion,AI-suggested; student should review
I need that modric 200 shirt bad,reaction,Short emotional or immediate match-thread response.,r/soccer - Panama vs Croatia post-match thread,AI-suggested; student should review
"At this point, I'm confident that all teams with 4 points are mathmatically through. None of the websites I've seen make this claim, but I've looked at the permutations and am sure that only 8 groups can produce 4 points or better for third place meaning all 4+ point teams are through to the knockouts.",analysis,"Uses specific football reasoning, evidence, stats, or match context.",r/worldcup - daily discussion megathread,AI-suggested; student should review
I can’t disagree with any of what you’ve said here and it’s probably correct. Crack on good sir,hot_take,Opinionated claim without much explicit support.,r/worldcup - daily discussion megathread,AI-suggested; student should review
in what world are neto leao and conceicao in good form? they’ve all been awful,hot_take,Strong judgment or prediction with limited support.,r/worldcup - Portugal hype discussion,AI-suggested; student should review
My husband got a refund and switched to subscribing directly to Fox one because of this issue. It has immediate replays and you can rewind and watch from start during live events too. Much less having to swap between the broadcast of the game and in between broadcasts too.,analysis,"Uses specific football reasoning, evidence, stats, or match context.",r/worldcup - daily discussion megathread,AI-suggested; student should review
Just need one wissa counter,reaction,Short emotional or immediate match-thread response.,r/worldcup - daily discussion megathread,AI-suggested; student should review
Ronaldo will hold them back,reaction,Short emotional or immediate match-thread response.,r/worldcup - Portugal hype discussion,AI-suggested; student should review
The fuck is Wissa playing at. Pass the fucking ball instead of hogging it and then losing it/diving onto the ground. Turn back and look for others if you have to.,analysis,"Uses specific football reasoning, evidence, stats, or match context.",r/soccer - Colombia vs Congo DR match thread,AI-suggested; student should review
"that's the problem with 48 teams, they need to bump it up to 64 to make it cleaner - having only top two teams advance. These third place teams advancing makes it too hard to know what is at stake in each game. Of course they could also bring the number back down, but we know they aren't going to do that.",analysis,"Uses specific football reasoning, evidence, stats, or match context.",r/worldcup - daily discussion megathread,AI-suggested; student should review
I think you confused fajardo with waterman,reaction,Short emotional or immediate match-thread response.,r/soccer - Panama vs Croatia post-match thread,AI-suggested; student should review
Current projected Round of 32 based on today's standings: Germany vs Czechia France vs Paraguay South Korea vs Switzerland Netherlands vs Morocco Portugal vs Ghana Spain vs Austria USA vs Sweden Egypt vs Cape Verde Brazil vs Japan Ivory Coast vs Norway Mexico vs Scotland England vs DR Congo Argentina vs Uruguay Australia vs Iran Canada vs Belgium Colombia vs Algeria Which matchup would you most want to see?,analysis,"Uses specific football reasoning, evidence, stats, or match context.",r/worldcup - daily discussion megathread,AI-suggested; student should review
"Been such a harsh tournament for Panama. Have played some very well structured and disciplined football, and have done their preparation. Are going out due to an added time breakaway winner and a well worked team goal. Probably gotta find an attacker or two within the next 4 years.",analysis,"Uses specific football reasoning, evidence, stats, or match context.",r/soccer - Panama vs Croatia post-match thread,AI-suggested; student should review
It would honestly not shock me if Ghana eked out a win on Saturday and Croatia went out in the group stage as a result. This team has looked a lot more like the Euro 2024 version of themselves than the 2018 and 2022 World Cup versions of themselves. They've just... not been good.,analysis,"Uses specific football reasoning, evidence, stats, or match context.",r/soccer - Panama vs Croatia post-match thread,AI-suggested; student should review
Cristiano Ronaldo is noted for being incredibly kind and humble. Harry Kane is an infamous jerk and reportedly supports reintroduction of corporal punishment in English schools.,hot_take,Opinionated claim without much explicit support.,r/worldcup - daily discussion megathread,AI-suggested; student should review
ruben dias has been injured and inconsistent this season lol,reaction,"Mainly humor, emotion, or immediate response.",r/worldcup - Portugal hype discussion,AI-suggested; student should review
"Canada A lot of the players from the bigger countries play a lot of games during the season. For example, if you’re on an EPL team in England, between the league, FA Cup, Carabao Cup, and Champions league games, you could easily play 50+ games a season. And then the WC on top of that.",analysis,"Uses specific football reasoning, evidence, stats, or match context.",r/worldcup - Europe/South America struggling discussion,AI-suggested; student should review
"Fox one ($20/month) on YouTube is so difficult. Why can’t they release replays within a few hours of broadcast like others? Why don’t they have a playlist with all full length replays organized for paying subscribers? Their broadcasts overlap and make no sense; the broadcast which captures the national anthems cuts out in the middle of the game and one must switch to a different one, which only starts at kickoff. It’s mad.",analysis,"Uses specific football reasoning, evidence, stats, or match context.",r/worldcup - daily discussion megathread,AI-suggested; student should review
Colombia takes so long to take a shot. They are always a second too late and it allows the Congo defender to close,hot_take,Opinionated claim without much explicit support.,r/soccer - Colombia vs Congo DR match thread,AI-suggested; student should review
The Fox Sport graphics for this world cup is so fucking bad bro. Just AI slop jammed into every pixel.,hot_take,Strong judgment or prediction with limited support.,r/worldcup - daily discussion megathread,AI-suggested; student should review
"It’s funny before the games started I was even more scared of Croatia, I wasn’t sure we would have the setup to cope with your quality in midfield. After today who knows what will happen. At least we have 4 points so unless Czech Republic and Ecuador decide to turn up we should be fine",analysis,"Uses specific football reasoning, evidence, stats, or match context.",r/soccer - Panama vs Croatia post-match thread,AI-suggested; student should review
"Because the last one was 4 years ago and so many things could have happened by the time you have to defend it. In fact, out of all the defending champions in the 21st century, only Brazil 2006 and France 2022 weren't eliminated in the group stage. Personally I think Argentina will do fine though.",analysis,"Uses specific football reasoning, evidence, stats, or match context.",r/worldcup - Argentina discussion,AI-suggested; student should review
Heavy schedule of fixtures during the season and the fact the gap is slowly closing with the other confederations.,hot_take,Opinionated claim without much explicit support.,r/worldcup - Europe/South America struggling discussion,AI-suggested; student should review
Which country has more habitants?,reaction,Short emotional or immediate match-thread response.,r/soccer - Panama vs Croatia post-match thread,AI-suggested; student should review
"I think the Fox Sports Believe in Miracles commercial is far inferior to the one that EA ran with the Cubs in the early 2010s. It sort of misses the emotional tie, I think",hot_take,Opinionated claim without much explicit support.,r/worldcup - daily discussion megathread,AI-suggested; student should review
Columbia Colombia is heavily favored.,reaction,Short emotional or immediate match-thread response.,r/worldcup - daily discussion megathread,AI-suggested; student should review
"Both have diaspora though, but for the sake of tournament, noone in their teams Stanišić, Pongračić, Kovačić and Pašalić though just from the starters, several others on the bench as well.",hot_take,Opinionated claim without much explicit support.,r/soccer - Panama vs Croatia post-match thread,AI-suggested; student should review
The uzbeks going to shock the world,reaction,Short emotional or immediate match-thread response.,r/worldcup - daily discussion megathread,AI-suggested; student should review
Te lo regalo es más te lo dejo en la puerta con lazito y broche de oro. Se obsesiona con sus favoritos como fajardo y no hay nada que le haga reaccionar.,hot_take,Opinionated claim without much explicit support.,r/soccer - Panama vs Croatia post-match thread,AI-suggested; student should review
Nah we headed to extra time,reaction,Short emotional or immediate match-thread response.,r/soccer - Panama vs Croatia post-match thread,AI-suggested; student should review
What are you talking about we have one of the top ten centre backs in the world Ruben Dias doesn’t get much better than that then you have the best left back in the world Mendes one of the other best full backs cancelo his form recently is getting better and better wake up. Only issue is striker and wings but if they play younger players up there it will be scary for anyone such as Francisco Conceição on the right over Bernardo Ramos as striker and left win leao if he plays good and Ronaldo should be a power sub,analysis,"Uses specific football reasoning, evidence, stats, or match context.",r/worldcup - Portugal hype discussion,AI-suggested; student should review
"Today’s American guide to watching: Ronaldo vs Lil Uzi Vert (idk, they stumped me) Harry Potter vs The Team that owns the US in WCs Canal vs Checkerboard Team Cocaine vs Jungle Cruise",hot_take,Opinionated claim without much explicit support.,r/worldcup - daily discussion megathread,AI-suggested; student should review
"I've noticed quite the opposite. US fans got excited and everyone shit on them because they played Paraguay. The tone was very much.. you didn't play anybody, your win isn't worth celebrating.. just watch how the favorites Spain react or Brazil or Germany. Well.. Germany seemed pretty happy too and Spain and Brazil weren't playing world beaters either, were they?",analysis,"Uses specific football reasoning, evidence, stats, or match context.",r/worldcup - Europe/South America struggling discussion,AI-suggested; student should review
if you say messi carried them in that game it means you need to watch more football,hot_take,Opinionated claim without much explicit support.,r/worldcup - Argentina discussion,AI-suggested; student should review
"I think it’s just people bandaging on English fans. Overall, I’ve had decent interactions with English fans. I can’t say the same for fans from other countries though😑",hot_take,Opinionated claim without much explicit support.,r/worldcup - daily discussion megathread,AI-suggested; student should review
"They won the last one but that was 4 years ago, their star player is aging, and honestly pretty old now for the sport, and the rest of the team's players are performing okay. We'll have to see how they all play together but a lot of time has passed since the last world cup",analysis,"Uses specific football reasoning, evidence, stats, or match context.",r/worldcup - Argentina discussion,AI-suggested; student should review
Profile Badge for the Achievement Top 1% Commenter Top 1% Commenter,hot_take,Strong judgment or prediction with limited support.,r/worldcup - Europe/South America struggling discussion,AI-suggested; student should review
Leao and Conceicao in top form is a stretch. Neto is inconsistent. I give you nuno and vitinha,hot_take,Opinionated claim without much explicit support.,r/worldcup - Portugal hype discussion,AI-suggested; student should review
We always have options to show good info.,reaction,Short emotional or immediate match-thread response.,r/worldcup - daily discussion megathread,AI-suggested; student should review
"I like the idea of water breaks but when it’s necessary, not when it’s a beautiful day or it is in a covered stadium. Absolutely ridiculous.",hot_take,Opinionated claim without much explicit support.,r/soccer - Colombia vs Congo DR match thread,AI-suggested; student should review
If they end in a draw there's no need for a tiebreaker. Ghana would be on 5 points and Croatia on 4. Though 4 points would almost certainly be enough to see Croatia through as a third place team. It's only really a loss that would put that in serious jeopardy of elimination.,analysis,"Uses specific football reasoning, evidence, stats, or match context.",r/soccer - Panama vs Croatia post-match thread,AI-suggested; student should review
"As a Messi fan, this is a horrendous take.",hot_take,Strong judgment or prediction with limited support.,r/worldcup - Portugal hype discussion,AI-suggested; student should review
"nations league isnt a real tournament, in what world do u take lamine yamal and pedri off in a final that you’re trying to win, its just a tournament that replaced friendlies to make more money",hot_take,Strong judgment or prediction with limited support.,r/worldcup - Portugal hype discussion,AI-suggested; student should review
I've got Colombia 71/19/9 on my site here,reaction,Short immediate response without detailed reasoning.,r/worldcup - daily discussion megathread,AI-suggested; student should review
Y griffith qué? Vergara o Kadir? Dos o tres manes y yo te tengo cantado a quienes reemplazan,hot_take,Opinionated claim without much explicit support.,r/soccer - Panama vs Croatia post-match thread,AI-suggested; student should review
Paraguay Turkey was the closest,reaction,Short emotional or immediate match-thread response.,r/worldcup - daily discussion megathread,AI-suggested; student should review
Still need a win to guarantee,reaction,Short emotional or immediate match-thread response.,r/soccer - Panama vs Croatia post-match thread,AI-suggested; student should review
"Spain wasn't fully healthy apparently. If they were, they likely win comfortably",reaction,Short immediate response without detailed reasoning.,r/worldcup - Europe/South America struggling discussion,AI-suggested; student should review
"Panama did a lot of things right, except for being more clinical in the final third of the pitch and infront of the goal. They were all over Croatia, often ran through and pressured their midfield with good technique and great physicality. Made Croatia look like the aging team that they are, exposing all their weaknesses. But the closer they got to the goal, they sloppier they were. And when they did come through and generated big chances, Livakovic pulled out his usual insane saves. Panama deserved a point atleast for the courageous way they played. Croatia are lucky to get away with three points.",analysis,"Uses specific football reasoning, evidence, stats, or match context.",r/soccer - Panama vs Croatia post-match thread,AI-suggested; student should review
Are you saying Spain parked the bus?,reaction,Short emotional or immediate match-thread response.,r/worldcup - Europe/South America struggling discussion,AI-suggested; student should review
For Colombia Davinson or Muñoz.,reaction,Short emotional or immediate match-thread response.,r/soccer - Colombia vs Congo DR match thread,AI-suggested; student should review
"Absolute shambles, horrendous displays, absolite joke. The only saving grace is CRISTIAN JESUS MARTINEZ. He has nothing to be ashamed about. He was the only one who gave it his all. Left us all proud.",hot_take,Strong judgment or prediction with limited support.,r/soccer - Panama vs Croatia post-match thread,AI-suggested; student should review
"No one can carry now like Maradona did in Mexico because of how good everyone is, not even a player with the ability of prime Messi and CR7 combined could win with scrubs. Level of competition is way higher nowadays.",analysis,"Uses specific football reasoning, evidence, stats, or match context.",r/worldcup - Argentina discussion,AI-suggested; student should review
"it's the history of Panama, we have good ball handlers, can create some chances but my god, we DON'T have a striker or a good forward to score reliable goals, all our goals came from set pieces and defenders in qualifiers so the more lenient refereeing has neutered us such a shame, said after the brazil game and after today stands if this team had like an Antont it would be very scary, but as it is they're toothless",analysis,"Uses specific football reasoning, evidence, stats, or match context.",r/soccer - Panama vs Croatia post-match thread,AI-suggested; student should review
What are your thoughts about England?,reaction,Short emotional or immediate match-thread response.,r/worldcup - Europe/South America struggling discussion,AI-suggested; student should review
What is the logic that a call can be changed from a corner to a goal kick but not the other way around?,hot_take,Opinionated claim without much explicit support.,r/soccer - Colombia vs Congo DR match thread,AI-suggested; student should review
"They just won the Copa América and won their first match 3-0. Algeria’s not a star team but it’s a solid one. What five teams do you think have a better shot? From the first week of the cup, leaving everything aside, England, France, and Argentina are the clear top 3.",analysis,"Uses specific football reasoning, evidence, stats, or match context.",r/worldcup - Argentina discussion,AI-suggested; student should review
Actually you're just a hater who doesn't watch games a single but has all the expert opinion? You know better than Martinez?,hot_take,Opinionated claim without much explicit support.,r/worldcup - Portugal hype discussion,AI-suggested; student should review
"Sure but I still don't think they can win against Spain or France. Would put Portugal in the same bracket as Germany, they're good but not good enough to win the tournament",hot_take,Strong judgment or prediction with limited support.,r/worldcup - Portugal hype discussion,AI-suggested; student should review
"No replacement for di maria so the team is more reliant on an older messi who has spent the last 3,5 years in the mls. None of the players who where under 30 last world cup have made any meaningful improvements. Their most promising youngsters last tournament, alvarez, mac allister and fernandez aren’t markedly better players now than they were back then. On paper their team seems to have regressed.",analysis,"Uses specific football reasoning, evidence, stats, or match context.",r/worldcup - Argentina discussion,AI-suggested; student should review
And I’m guessing Cape Verde and DR Congo are the most difficult countries in the tournament?,hot_take,Opinionated claim without much explicit support.,r/worldcup - Argentina discussion,AI-suggested; student should review
"It’s nothing new; it’s the first round. Argentina lost their first match against Saudi Arabia in the last WC. Germany, Spain, and Portugal also lost. Most players finished their club seasons 2-3 weeks ago, and national teams have been practicing together for about 2 weeks. Good teams will get better as the tournament goes on.",analysis,"Uses specific football reasoning, evidence, stats, or match context.",r/worldcup - Europe/South America struggling discussion,AI-suggested; student should review
one single guy can only take you so far,reaction,Short immediate response without detailed reasoning.,r/worldcup - Argentina discussion,AI-suggested; student should review
"They perform on top level on every tournament since the euros in 2004. I have to add that the world cup 2002 is the first big tourny that I can remember so I might be biased and can't speak for the ones before. But in 2002 Portugal was not so much a factor like they were later. Could be that they were hyped back then, since they got Figo and Costa, but I don't remember them being talked much about in the aftermath. I think they were the most hyped after winning the euros in 2016, some might say overhyped since some players (especially Renato Sanches) didn't live up to the potential. I just consider them established as a top nation now.",analysis,"Uses specific football reasoning, evidence, stats, or match context.",r/worldcup - Portugal hype discussion,AI-suggested; student should review
Yeah agree. I'm not saying they're weak or anything but I just don't see them on the level of Spain or France,hot_take,Opinionated claim without much explicit support.,r/worldcup - Argentina discussion,AI-suggested; student should review
Colombia Fantastic lineup today with really interesting underdogs,reaction,Short emotional or immediate match-thread response.,r/worldcup - daily discussion megathread,AI-suggested; student should review
"People often think older means bad and younger means good, in most cases like the world cup experience is KEY. So those guys being older etc isn’t necessarily a bad thing at all it could very well be a good thing too. Yes some of the guys are older now but they are still a prime squad. And Messi is more than capable of showing up when the team needs him.",analysis,"Uses specific football reasoning, evidence, stats, or match context.",r/worldcup - Argentina discussion,AI-suggested; student should review
"Are you kidding? Argentina, Spain, and France are everyone's favorites.",reaction,Short immediate response without detailed reasoning.,r/worldcup - Argentina discussion,AI-suggested; student should review
They have a very old squad.,reaction,Short emotional or immediate match-thread response.,r/worldcup - Argentina discussion,AI-suggested; student should review
"All the memes going round about goal scoring records need to have an *. This world cup has more games and more low ranked teams and so scoring will be easier. It may have taken Messi and Ronaldo 4 WC to reach double figures and they may add to that significantly this tourney, and Haaland, et al. may get some big numbers as well...but ultimately the records of R9 and Klose can't be compared.",analysis,"Uses specific football reasoning, evidence, stats, or match context.",r/worldcup - daily discussion megathread,AI-suggested; student should review
"He's right though. The Nations League is basically just a competition of glorified friendlies. French here, we also won that one just like we won everything else at some point : Euro, WC, olympics, confederation cup, nations league, so you can't accuse me of cherry-picking just because we couldn't win it. Anyone who feels compelled to use such an inferior competition as an argument simply proves their team is not good enough to win the real deal. Portugal are and always have been a top team. Sure, a NL is still better than nothing but with such a squad they should aim for much better titles.",analysis,"Uses specific football reasoning, evidence, stats, or match context.",r/worldcup - Portugal hype discussion,AI-suggested; student should review
"Portugal-Uzbekistan feels like the right kind of trap game: if Portugal do not score early, Uzbekistan can turn this into another low-block patience test and make every Ronaldo/Martinez decision louder.",hot_take,Opinionated claim without much explicit support.,r/worldcup - daily discussion megathread,AI-suggested; student should review
Against Panama? I like their chance,reaction,Short emotional or immediate match-thread response.,r/soccer - Panama vs Croatia post-match thread,AI-suggested; student should review
"As a European I feel a lot of big nations (England, Belgium, NL first half, France often, Spain, Portugal very often too) lack the passion, grinta & energy. They think they can make the difference based on talent. So frustrating to watch. Cape Verde, Egypt, USA, ... all put so much energy and passion in their play while so many of ours are walking like they are on the beach. Put some f*cking effort and passion in it for fuck sake.",analysis,Structured explanation with reasoning/connectors.,r/worldcup - Europe/South America struggling discussion,AI-suggested; student should review
Funny how Nordic countries always disrespect France,reaction,Short emotional or immediate match-thread response.,r/worldcup - Argentina discussion,AI-suggested; student should review
"They have a good defense, a GREAT midfield, they are poor offensively, Bernardo would struggle as RW, Conceicao lacks consistency, Leao has played AWFUL this season, he has lost his pace and cant dribble anymore (Milan fan here), Ronaldo and Felix are playing in a fake league, they are not used to play the rhythm of a world class tournament.",analysis,"Uses specific football reasoning, evidence, stats, or match context.",r/worldcup - Portugal hype discussion,AI-suggested; student should review
No. Still expected to win group J as the top dog there. Op was specifically talking about making into the semifinals. That's the top 4 teams. But I think Argentina moved up to proving they can make the top 4 more easily. While Portugal looks like they might not even make it into the top 16 anymore.,analysis,"Uses specific football reasoning, evidence, stats, or match context.",r/worldcup - Argentina discussion,AI-suggested; student should review
I guess the only excuse for Brazil is Neymar missed the first game...,reaction,Short immediate response without detailed reasoning.,r/worldcup - Europe/South America struggling discussion,AI-suggested; student should review
"DRC keeper pulling off some nice saves, but they can't just let him be the nail for another half, the Colombian pressure will break through",analysis,"Uses specific football reasoning, evidence, stats, or match context.",r/soccer - Colombia vs Congo DR match thread,AI-suggested; student should review
"They are not spending all they got in the first rounds. Its more of a control game, grinding it out. Other nations cant really afford that they have to defend or rush to score and that makes the control team even more ""controlly"". Eventually the 10 man defence line breaks, the teams that has no team balance gets weeded out and thats when the magic begins.",analysis,"Uses specific football reasoning, evidence, stats, or match context.",r/worldcup - Europe/South America struggling discussion,AI-suggested; student should review
"The World Cup Curse... Even if Argentina make it out of the group phase like Brasil did in 2006 ( after winning in 2002,) they are very unlikely to win 2 in a row. No one since Brasil's 1958 and 1962 has won the WC back to back.",analysis,"Uses specific football reasoning, evidence, stats, or match context.",r/worldcup - Argentina discussion,AI-suggested; student should review
"Good luck playing w 1 centerback 😊. You are going w the typical flaw of: “since I can name 2 or 3 players then the team is World Cup title contender” 😂. Let me guess, next you are going to give examples of world class players and Ruben Neves and Joao Felix would be there, right? 😊",analysis,"Uses specific football reasoning, evidence, stats, or match context.",r/worldcup - Portugal hype discussion,AI-suggested; student should review
South America is very overrated. This is probably the worst Brazil team ever. Argentina is worse than last World Cup and arguably not a top 5 team. Uruguay is not that good. Ecuador is good defensively but limited going forward. Colombia is solid but by no means elite. Paraguay is also very average. Wouldn’t be surprised if none of their teams make the quarters,analysis,"Uses specific football reasoning, evidence, stats, or match context.",r/worldcup - Europe/South America struggling discussion,AI-suggested; student should review
"too slow, pull the trigger",reaction,Short emotional or immediate match-thread response.,r/soccer - Colombia vs Congo DR match thread,AI-suggested; student should review
Honestly i think all 4 games tomorrow for Group A and B are intriguing to watch because of how the games could play out and how the places might shift apart from Mexico that have already secured 1st obviously,analysis,"Uses specific football reasoning, evidence, stats, or match context.",r/soccer - Colombia vs Congo DR match thread,AI-suggested; student should review
Both sides have defended superbly.,reaction,Short emotional or immediate match-thread response.,r/soccer - Colombia vs Congo DR match thread,AI-suggested; student should review
Good point. I’m learning new stuff every match and starting to see the unique characteristics of the players-it’s been fun!,hot_take,Opinionated claim without much explicit support.,r/worldcup - daily discussion megathread,AI-suggested; student should review
Show the fans more plz!,reaction,Short emotional or immediate match-thread response.,r/soccer - Colombia vs Congo DR match thread,AI-suggested; student should review
"What, winning the Nations League you mean, I really dont think that will do it.",hot_take,Opinionated claim without much explicit support.,r/worldcup - Portugal hype discussion,AI-suggested; student should review
Martinez is just forced to select Ronaldo. Not selecting him means trouble. Selecting him means trouble. There is no good choice. Portugal wont win the WC.,hot_take,Strong judgment or prediction with limited support.,r/worldcup - Portugal hype discussion,AI-suggested; student should review
"I feel this year the squad looks even weaker. Players all aged, and no more Di María with no good wingers in the squad. Their best younger is Nico Paz, which play at a position unlikely to be used with Messi playing",analysis,"Uses specific football reasoning, evidence, stats, or match context.",r/worldcup - Argentina discussion,AI-suggested; student should review
"Congo said ""fuck it"" to offense",reaction,Short emotional or immediate match-thread response.,r/worldcup - daily discussion megathread,AI-suggested; student should review
Tough for Panama to lose 1-0 twice,reaction,Short emotional or immediate match-thread response.,r/soccer - Panama vs Croatia post-match thread,AI-suggested; student should review
"the people saying ronaldo is going to be portugals downfall are stupid, if ronaldo doesnt start and you start goncalo ramos he wont score he has less than 10 goals this year. Ronaldo may be old but he still is elite and better than the other striker choices they have if they can rally behind him which they have done before i think they get very far if not to the final and then its a coin flip",analysis,"Uses specific football reasoning, evidence, stats, or match context.",r/worldcup - Portugal hype discussion,AI-suggested; student should review
Predictions for Colombia v Congo? Hopefully Colombia wins.,reaction,Short emotional or immediate match-thread response.,r/worldcup - daily discussion megathread,AI-suggested; student should review
i stand correct. still clinical.,reaction,Short emotional or immediate match-thread response.,r/soccer - Panama vs Croatia post-match thread,AI-suggested; student should review
2006 Team was pretty hyped after going to the Euro final.,reaction,"Mainly humor, emotion, or immediate response.",r/worldcup - Portugal hype discussion,AI-suggested; student should review
Don't forget the hydration break,reaction,Short emotional or immediate match-thread response.,r/soccer - Colombia vs Congo DR match thread,AI-suggested; student should review
They’re not used to the big portions at American restaurants.,reaction,Short immediate response without detailed reasoning.,r/worldcup - Europe/South America struggling discussion,AI-suggested; student should review
Wait M’Pasi is only 31? Well he might get an upgraded move to a higher level team then Le Havre after this World Cup __sonder__,analysis,"Uses specific football reasoning, evidence, stats, or match context.",r/soccer - Colombia vs Congo DR match thread,AI-suggested; student should review
Davinson is so fucking good,reaction,Short emotional or immediate match-thread response.,r/soccer - Colombia vs Congo DR match thread,AI-suggested; student should review
"I don't know, there just isn't any other strikers",reaction,Short immediate response without detailed reasoning.,r/worldcup - Portugal hype discussion,AI-suggested; student should review
Quintero for James por favor,reaction,Short emotional or immediate match-thread response.,r/soccer - Colombia vs Congo DR match thread,AI-suggested; student should review
This makes sense. The mega stars like Doku look gassed.,reaction,Short immediate response without detailed reasoning.,r/worldcup - Europe/South America struggling discussion,AI-suggested; student should review
You can see it pretty easily in their first game. They didn't play well together and didn't show good chemistry with Messi. Messi carried them that game and there's only so much one person can do in a whole tournament especially when that one person is on the verge of retirement.,analysis,"Uses specific football reasoning, evidence, stats, or match context.",r/worldcup - Argentina discussion,AI-suggested; student should review
Not looking forward to the game against Ghana Team is just simply not good enough to go far,hot_take,Strong judgment or prediction with limited support.,r/soccer - Panama vs Croatia post-match thread,AI-suggested; student should review
